Case,full,melody,lyrics
0,70.0,30.0,50.0
1,45.0,80.0,90.0
2,70.0,30.0,50.0
3,70.0,95.0,65.0
4,85.0,90.0,90.0
5,60.0,40.0,95.0
6,50.0,35.0,100.0
7,60.0,35.0,0.0
8,25.0,45.0,5.0
9,45.0,40.0,0.0
10,55.00000000000001,40.0,95.0
11,40.0,45.0,100.0
12,50.0,50.0,0.0
13,65.0,45.0,10.0
14,65.0,80.0,100.0
15,55.00000000000001,45.0,10.0
16,75.0,85.0,10.0
